City,Link
韩国,www.dianping.com/korea
首尔,www.dianping.com/seoul
釜山,www.dianping.com/busan
济州岛,www.dianping.com/jeju
江原道,www.dianping.com/kangwon
大邱,www.dianping.com/daegu
庆州,www.dianping.com/gyeongju
京畿道,www.dianping.com/
忠清北道,www.dianping.com/
忠清南道,www.dianping.com/
庆尚北道,www.dianping.com/
庆尚南道,www.dianping.com/
全州,www.dianping.com/jeo
水原,www.dianping.com/suw
束草,www.dianping.com/sok
大田,www.dianping.com/dae
光州,www.dianping.com/gwa
江陵,www.dianping.com/
蔚山,www.dianping.com/uls
春川,www.dianping.com/
龙仁,www.dianping.com/yon
日本,www.dianping.com/japan
东京,www.dianping.com/tokyo
京都,www.dianping.com/kyoto
大阪,www.dianping.com/osaka
北海道,www.dianping.com/hokkaido
富士山,www.dianping.com/fujisan
冲绳,www.dianping.com/okinawa
箱根,www.dianping.com/hakone
福冈,www.dianping.com/fukuoka
奈良,www.dianping.com/naraken
名古屋,www.dianping.com/nagoya
横滨,www.dianping.com/yokohama
神奈川,www.dianping.com/kanagawa
静冈,www.dianping.com/shizuoka
爱知,www.dianping.com/aichi
兵库,www.dianping.com/hyogo
镰仓,www.dianping.com/kamakura
长崎,www.dianping.com/nagasaki
熊本,www.dianping.com/kumamoto
大分,www.dianping.com/oita
鹿儿岛,www.dianping.com/kagoshima
日光,www.dianping.com/nik
别府,www.dianping.com/beppu
长野,www.dianping.com/nagano
和歌山,www.dianping.com/wakayama
茨城,www.dianping.com/ibaraki
岐阜,www.dianping.com/gifu
神户,www.dianping.com/kobe
青森,www.dianping.com/aomori
千叶,www.dianping.com/chiba
广岛,www.dianping.com/hiroshima
石川,www.dianping.com/
姬路,www.dianping.com/
宫古岛,www.dianping.com/
佐世保,www.dianping.com/
高知,www.dianping.com/
三重,www.dianping.com/
宫崎,www.dianping.com/
新潟,www.dianping.com/
冈山,www.dianping.com/
佐贺,www.dianping.com/
埼玉,www.dianping.com/
滋贺,www.dianping.com/
鸟取,www.dianping.com/
富山,www.dianping.com/
山形,www.dianping.com/
山口,www.dianping.com/
山梨,www.dianping.com/
网走,www.dianping.com/
旭川,www.dianping.com/
美瑛,www.dianping.com/
千岁,www.dianping.com/
太宰府,www.dianping.com/
下吕,www.dianping.com/
御殿场,www.dianping.com/
函馆,www.dianping.com/
弘前,www.dianping.com/
谏早,www.dianping.com/
石垣岛,www.dianping.com/
金泽,www.dianping.com/kan
轻井泽,www.dianping.com/
甲府,www.dianping.com/
仓敷,www.dianping.com/
钏路,www.dianping.com/
松江,www.dianping.com/mat
松山,www.dianping.com/mat
小田原,www.dianping.com/
小樽,www.dianping.com/
大津,www.dianping.com/
相模原,www.dianping.com/
札幌,www.dianping.com/
仙台,www.dianping.com/sen
下关,www.dianping.com/shi
白滨,www.dianping.com/
洞爷湖,www.dianping.com/
丰桥,www.dianping.com/
宇都宫,www.dianping.com/uts
四日市,www.dianping.com/
由布,www.dianping.com/
濑户内海,www.dianping.com/
登别,www.dianping.com/
飞驒高山,www.dianping.com/
富良野,www.dianping.com/
伊豆,www.dianping.com/
淡路岛,www.dianping.com/
热海,www.dianping.com/
高松,www.dianping.com/
岩手,www.dianping.com/
香川,www.dianping.com/
宫城,www.dianping.com/
岛根,www.dianping.com/
爱媛,www.dianping.com/
栃木,www.dianping.com/
新加坡,www.dianping.com/singapore
马来西亚,www.dianping.com/malaysia
吉隆坡,www.dianping.com/kualalumpu
槟城,www.dianping.com/penang
兰卡威,www.dianping.com/langkawi
沙巴,www.dianping.com/sabah
马六甲,www.dianping.com/malacca
亚庇,www.dianping.com/kotakinaba
仙本那,www.dianping.com/sem
怡保,www.dianping.com/ipoh
新山,www.dianping.com/johorbahru
登嘉楼,www.dianping.com/terengganu
沙捞越,www.dianping.com/sarawak
山打根,www.dianping.com/sandakan
古晋,www.dianping.com/kuching
布城,www.dianping.com/put
泰国,www.dianping.com/thailand
曼谷,www.dianping.com/bangkok
普吉岛,www.dianping.com/phuket
芭堤雅,www.dianping.com/
清迈,www.dianping.com/chiangmai
苏梅岛,www.dianping.com/samui
皮皮岛,www.dianping.com/kohphiphi
清莱,www.dianping.com/chiangrai
拜县,www.dianping.com/pai
甲米,www.dianping.com/krabitown
大城,www.dianping.com/ayutthaya
华欣,www.dianping.com/huahin
素叻他尼,www.dianping.com/suratthani
合艾,www.dianping.com/hatyai
春蓬,www.dianping.com/chumphon
帕岸岛,www.dianping.com/kophangan
兰达岛,www.dianping.com/kolanta
象岛,www.dianping.com/
涛岛,www.dianping.com/
春武里,www.dianping.com/
暖武里,www.dianping.com/non
柬埔寨,www.dianping.com/cambodia
暹粒,www.dianping.com/siemreap
金边,www.dianping.com/phnompenh
西哈努克,www.dianping.com/sihanoukvi
越南,www.dianping.com/vietnam
胡志明市,www.dianping.com/hochiminh
河内,www.dianping.com/hanoi
芽庄,www.dianping.com/nhatrang
会安,www.dianping.com/hoian
大叻,www.dianping.com/dalat
下龙湾,www.dianping.com/halongbay
美奈,www.dianping.com/muine
岘港,www.dianping.com/danang
顺化,www.dianping.com/hue
藩切,www.dianping.com/phanthiet
老街,www.dianping.com/
富国岛,www.dianping.com/
印度尼西亚,www.dianping.com/indonesia
巴厘岛,www.dianping.com/bali
万隆,www.dianping.com/bandung
雅加达,www.dianping.com/jakarta
民丹岛,www.dianping.com/pulaubinta
泗水,www.dianping.com/surabaya
巴淡岛,www.dianping.com/batam
巴厘巴板,www.dianping.com/balikpapan
日惹,www.dianping.com/yogyakarta
美娜多,www.dianping.com/
龙目岛,www.dianping.com/
菲律宾,www.dianping.com/philippine
马尼拉,www.dianping.com/manila
长滩岛,www.dianping.com/boracay
宿雾,www.dianping.com/cebu
巴拉望,www.dianping.com/palawan
薄荷岛,www.dianping.com/bohol
杜马盖地,www.dianping.com/dumaguete
科伦,www.dianping.com/
老挝,www.dianping.com/laos
琅勃拉邦,www.dianping.com/luangpraba
万象,www.dianping.com/vientiane
会晒,www.dianping.com/houeisay
巴色,www.dianping.com/pakse
万荣,www.dianping.com/
缅甸,www.dianping.com/myanmar
仰光,www.dianping.com/yangon
蒲甘,www.dianping.com/bagan
曼德勒,www.dianping.com/mandalay
法国,www.dianping.com/france
巴黎,www.dianping.com/paris
尼斯,www.dianping.com/nice
戛纳,www.dianping.com/cannes
马赛,www.dianping.com/marseille
里昂,www.dianping.com/lyon
第戎,www.dianping.com/dijon
阿维尼翁,www.dianping.com/avignon
鲁昂,www.dianping.com/rouen
布卢瓦,www.dianping.com/blois
卡昂,www.dianping.com/caen
南特,www.dianping.com/nantes
诺曼底,www.dianping.com/normandy
阿尔萨斯,www.dianping.com/alsace
斯特拉斯堡,www.dianping.com/strasbourg
阿尔勒,www.dianping.com/arles
布列塔尼,www.dianping.com/brittany
波尔多,www.dianping.com/bordeaux
阿讷西,www.dianping.com/annecy
勃艮第,www.dianping.com/burgundy
艾克斯,www.dianping.com/aix
尼姆,www.dianping.com/nimes
图卢兹,www.dianping.com/toulouse
里尔,www.dianping.com/lille
图尔,www.dianping.com/tours
格拉斯,www.dianping.com/grasse
蒙彼利埃,www.dianping.com/montpellie
兰斯,www.dianping.com/reims
科尔马,www.dianping.com/colmar
霞慕尼,www.dianping.com/chamonix
圣马洛,www.dianping.com/saint
格勒诺布尔,www.dianping.com/grenoble
卡尔卡松,www.dianping.com/carcassonn
雷恩,www.dianping.com/rennes
芒通,www.dianping.com/menton
圣米歇尔山,www.dianping.com/mon
上萨瓦,www.dianping.com/
,www.dianping.com/pro
罗讷河口,www.dianping.com/bou
维也纳,www.dianping.com/vienna
萨尔茨堡,www.dianping.com/salzburg
因斯布鲁克,www.dianping.com/innsbruck
奥地利,www.dianping.com/austria
林茨,www.dianping.com/linz
巴德伊舍,www.dianping.com/badischl
圣沃尔夫冈,www.dianping.com/stwolfgang
格拉茨,www.dianping.com/graz
哈尔施塔特,www.dianping.com/hallstatt
布鲁塞尔,www.dianping.com/brussels
布鲁日,www.dianping.com/bruges
安特卫普,www.dianping.com/antwerp
比利时,www.dianping.com/belgium
根特,www.dianping.com/ghent
鲁汶,www.dianping.com/leuven
列日,www.dianping.com/liege
柏林,www.dianping.com/berlin
汉堡,www.dianping.com/hamburg
科隆,www.dianping.com/cologne
法兰克福,www.dianping.com/frankfurt
慕尼黑,www.dianping.com/munich
海德堡,www.dianping.com/heidelberg
福森,www.dianping.com/fussen
杜塞尔多夫,www.dianping.com/dusseldorf
德国,www.dianping.com/germany
弗莱堡,www.dianping.com/freiburg
汉诺威,www.dianping.com/hannover
不来梅,www.dianping.com/bremen
波恩,www.dianping.com/bonn
美因茨,www.dianping.com/mainz
罗滕堡,www.dianping.com/
莱比锡,www.dianping.com/leipzig
斯图加特,www.dianping.com/stuttgart
北莱茵-威斯特法伦,www.dianping.com/westphalia
德累斯顿,www.dianping.com/dresden
纽伦堡,www.dianping.com/nuremberg
贝希特斯加登,www.dianping.com/berchtesga
巴登-巴登,www.dianping.com/badenbaden
波茨坦,www.dianping.com/potsdam
科布伦茨,www.dianping.com/koblenz
维尔茨堡,www.dianping.com/wuerzburg
莱茵兰-普法尔茨,www.dianping.com/palatinate
亚琛,www.dianping.com/aachen
沃尔夫斯堡,www.dianping.com/wolfsburg
哥廷根,www.dianping.com/goettingen
康斯坦茨,www.dianping.com/konstanz
埃森,www.dianping.com/essen
班贝格,www.dianping.com/bamberg
曼海姆,www.dianping.com/mannheim
多特蒙德,www.dianping.com/dortmund
奥格斯堡,www.dianping.com/augsburg
特里尔,www.dianping.com/trier
吕贝克,www.dianping.com/lubeck
乌尔姆,www.dianping.com/ulm
魏玛,www.dianping.com/weimar
雷根斯堡,www.dianping.com/regensburg
林道,www.dianping.com/lindau
卡尔斯鲁厄,www.dianping.com/karlsruhe
杜伊斯堡,www.dianping.com/duisburg
吕德斯海姆,www.dianping.com/rudesheim
威斯巴登,www.dianping.com/wiesbaden
因戈尔施塔特,www.dianping.com/ingolstadt
巴伐利亚,www.dianping.com/
阿姆斯特丹,www.dianping.com/amsterdam
鹿特丹,www.dianping.com/rotterdam
海牙,www.dianping.com/thehague
荷兰,www.dianping.com/netherland
羊角村,www.dianping.com/giethoorn
乌得勒支,www.dianping.com/utrecht
代尔夫特,www.dianping.com/delft
莱顿,www.dianping.com/leiden
马斯特里赫特,www.dianping.com/maastricht
埃因霍温,www.dianping.com/eindhoven
格罗宁根,www.dianping.com/groningen
福伦丹,www.dianping.com/volendam
布拉格,www.dianping.com/prague
卡罗维发利,www.dianping.com/karlovyvar
布尔诺,www.dianping.com/brno
捷克,www.dianping.com/czech
克鲁姆洛夫,www.dianping.com/ceskykruml
库特纳霍拉,www.dianping.com/kutnahora
里斯本,www.dianping.com/lisbon
波尔图,www.dianping.com/porto
亚速尔群岛,www.dianping.com/azores
葡萄牙,www.dianping.com/portugal
辛特拉,www.dianping.com/sintra
卡斯凯什,www.dianping.com/cascais
马德拉群岛,www.dianping.com/madeiraisl
斯德哥尔摩,www.dianping.com/stockholm
哥德堡,www.dianping.com/gothenburg
马尔默,www.dianping.com/malmo
斯科纳,www.dianping.com/skane
基律纳,www.dianping.com/kiruna
赫尔辛堡,www.dianping.com/helsingbor
阿比斯库,www.dianping.com/abisko
乌普萨拉,www.dianping.com/uppsala
瑞典,www.dianping.com/sweden
苏黎世,www.dianping.com/zurich
日内瓦,www.dianping.com/geneva
因特拉肯,www.dianping.com/interlaken
卢塞恩,www.dianping.com/luzern
伯尔尼,www.dianping.com/bern
洛桑,www.dianping.com/lausanne
瑞士,www.dianping.com/switzerlan
卢加诺,www.dianping.com/lugano
采尔马特,www.dianping.com/zermatt
伯尔尼高地,www.dianping.com/berneseobe
蒙特勒,www.dianping.com/montreux
瓦莱州,www.dianping.com/valais
巴塞尔,www.dianping.com/basel
施皮茨,www.dianping.com/spiez
劳特布龙嫩,www.dianping.com/lauterbrun
图恩,www.dianping.com/thun
沃韦,www.dianping.com/vevey
格林德瓦,www.dianping.com/grindelwal
文根,www.dianping.com/wengen
沙夫豪森,www.dianping.com/schaffhaus
布里恩茨,www.dianping.com/brienz
英格堡,www.dianping.com/engelberg
圣加仑,www.dianping.com/stgallen
圣莫里茨,www.dianping.com/stmoritz
伊斯坦布尔,www.dianping.com/istanbul
安塔利亚,www.dianping.com/antalya
安卡拉,www.dianping.com/ankara
伊兹密尔,www.dianping.com/izmir
棉花堡,www.dianping.com/pamukkale
土耳其,www.dianping.com/turkey
卡帕多奇亚,www.dianping.com/cappadocia
格雷梅,www.dianping.com/goreme
费特希耶,www.dianping.com/fethiye
库萨达斯,www.dianping.com/kusadasi
开塞利,www.dianping.com/kayseri
博德鲁姆,www.dianping.com/bodrum
塞尔丘克,www.dianping.com/selcuk
恰纳卡莱,www.dianping.com/canakkale
西代,www.dianping.com/side
巴塞罗那,www.dianping.com/barcelona
马德里,www.dianping.com/madrid
塞维利亚,www.dianping.com/seville
马略卡岛,www.dianping.com/majorca
加那利群岛,www.dianping.com/canaryisla
西班牙,www.dianping.com/spain
卡斯蒂利亚-拉曼恰,www.dianping.com/castilelam
卡斯蒂利亚-莱昂,www.dianping.com/castileleo
托莱多,www.dianping.com/toledo
塞哥维亚,www.dianping.com/segovia
科尔多瓦,www.dianping.com/cordoba
龙达,www.dianping.com/ronda
马拉加,www.dianping.com/malaga
巴斯克自治区,www.dianping.com/basquecoun
萨拉曼卡,www.dianping.com/salamanca
巴利阿里群岛,www.dianping.com/balearicis
萨拉戈萨,www.dianping.com/zaragoza
阿拉贡自治区,www.dianping.com/aragon
毕尔巴鄂,www.dianping.com/bilbao
阿维拉,www.dianping.com/avila
格拉纳达,www.dianping.com/granada
瓦伦西亚,www.dianping.com/
安达卢西亚,www.dianping.com/
加泰罗尼亚,www.dianping.com/
克里特岛,www.dianping.com/creteislan
圣托里尼,www.dianping.com/santorini
雅典,www.dianping.com/athens
米科诺斯,www.dianping.com/mykonos
希腊,www.dianping.com/greece
奥林匹亚,www.dianping.com/olympia
布达佩斯,www.dianping.com/budapest
匈牙利,www.dianping.com/hungary
罗马,www.dianping.com/rome
佛罗伦萨,www.dianping.com/florence
威尼斯,www.dianping.com/venice
那不勒斯,www.dianping.com/naples
比萨,www.dianping.com/pisa
都灵,www.dianping.com/turin
米兰,www.dianping.com/milano
意大利,www.dianping.com/italy
庞贝,www.dianping.com/pompeii
维罗纳,www.dianping.com/verona
托斯卡纳,www.dianping.com/tuscany
伦巴第大区,www.dianping.com/lombardy
五渔村,www.dianping.com/cinqueterr
锡耶纳,www.dianping.com/siena
博洛尼亚,www.dianping.com/bologna
热那亚,www.dianping.com/genoa
科莫,www.dianping.com/como
西西里,www.dianping.com/sic
索伦托,www.dianping.com/sorrento
卢卡,www.dianping.com/lucca
阿马尔菲,www.dianping.com/amalfi
卡普里岛,www.dianping.com/capri
拉斯佩齐亚,www.dianping.com/laspezia
圣吉米尼亚诺,www.dianping.com/sangimigna
帕勒莫,www.dianping.com/palermo
里米尼,www.dianping.com/rimini
陶尔米纳,www.dianping.com/taormina
卡塔尼亚,www.dianping.com/catania
佩鲁贾,www.dianping.com/perugia
普利亚大区,www.dianping.com/puglia
翁布里亚大区,www.dianping.com/umbria
阿西西,www.dianping.com/assisi
锡拉库萨,www.dianping.com/syr
帕多瓦,www.dianping.com/
萨莱诺,www.dianping.com/
威尼托,www.dianping.com/
利古里亚,www.dianping.com/
伦敦,www.dianping.com/london
爱丁堡,www.dianping.com/edinburgh
剑桥,www.dianping.com/cambridge
曼彻斯特,www.dianping.com/manchester
牛津,www.dianping.com/oxford
利物浦,www.dianping.com/liverpool
巴斯,www.dianping.com/bath
约克,www.dianping.com/york
英国,www.dianping.com/unitedking
贝尔法斯特,www.dianping.com/belfast
伯明翰,www.dianping.com/birmingham
苏格兰高地,www.dianping.com/scottish
诺丁汉,www.dianping.com/nottingham
温莎,www.dianping.com/windsor
利兹,www.dianping.com/leeds
布莱顿,www.dianping.com/brighton
纽卡斯尔,www.dianping.com/newcastle
格拉斯哥,www.dianping.com/glasgow
卡迪夫,www.dianping.com/cardiff
布里斯托,www.dianping.com/bristol
天空岛,www.dianping.com/isleofskye
谢菲尔德,www.dianping.com/sheffield
考文垂,www.dianping.com/coventry
因弗内斯,www.dianping.com/inverness
南安普敦,www.dianping.com/southampto
圣安德鲁斯,www.dianping.com/standrews
朴茨茅斯,www.dianping.com/portsmouth
怀特岛,www.dianping.com/isleofwigh
斯特灵,www.dianping.com/sterling
莱斯特,www.dianping.com/leicester
斯旺西,www.dianping.com/swansea
埃文河畔斯特拉特福,www.dianping.com/stratford
阿伯丁,www.dianping.com/aberdeen
伯恩茅斯,www.dianping.com/bournemout
普利茅斯,www.dianping.com/plymouth
达勒姆,www.dianping.com/
康沃尔,www.dianping.com/
西米德兰兹,www.dianping.com/
科茨沃尔德,www.dianping.com/
都柏林,www.dianping.com/dublin
基拉尼,www.dianping.com/killarney
爱尔兰,www.dianping.com/ireland
戈尔韦,www.dianping.com/galway
哥本哈根,www.dianping.com/copenhagen
丹麦,www.dianping.com/denmark
赫尔辛格,www.dianping.com/helsingor
欧登塞,www.dianping.com/odense
奥胡斯,www.dianping.com/arhus
莫斯科,www.dianping.com/moscow
圣彼得堡,www.dianping.com/saintpeter
俄罗斯,www.dianping.com/russia
海参崴,www.dianping.com/vladivosto
叶卡捷琳堡,www.dianping.com/ekaterinbu
弗拉基米尔,www.dianping.com/vladimir
伊尔库茨克,www.dianping.com/irkutsk
摩尔曼斯克,www.dianping.com/
赫尔辛基,www.dianping.com/helsinki
芬兰,www.dianping.com/finland
罗瓦涅米,www.dianping.com/rovaniemi
图尔库,www.dianping.com/turku
摩纳哥,www.dianping.com/monaco
奥斯陆,www.dianping.com/oslo
挪威,www.dianping.com/norway
卑尔根,www.dianping.com/bergen
松恩峡湾,www.dianping.com/sognefjord
斯塔万格,www.dianping.com/stavanger
特罗姆瑟,www.dianping.com/tromso
塞班岛,www.dianping.com/saipan
美国,www.dianping.com/unitedstat
纽约,www.dianping.com/
旧金山,www.dianping.com/sanfrancis
洛杉矶,www.dianping.com/losangeles
拉斯维加斯,www.dianping.com/lasvegas
西雅图,www.dianping.com/seattle
芝加哥,www.dianping.com/chicago
奥兰多,www.dianping.com/orlando
迈阿密,www.dianping.com/miami
波士顿,www.dianping.com/boston
夏威夷,www.dianping.com/
华盛顿,www.dianping.com/
费城,www.dianping.com/philadelph
黄石国家公园,www.dianping.com/
优胜美地,www.dianping.com/
关岛,www.dianping.com/guam
北马里亚纳群岛,www.dianping.com/northernma
波多黎各,www.dianping.com/puertorico
圣胡安,www.dianping.com/sanjuan
圣地亚哥,www.dianping.com/sandiego
底特律,www.dianping.com/detroit
圣路易斯,www.dianping.com/stlouis
匹兹堡,www.dianping.com/pittsburgh
圣安东尼奥,www.dianping.com/sanantonio
休斯顿,www.dianping.com/houston
丹佛,www.dianping.com/denver
亚特兰大,www.dianping.com/atlanta
盐湖城,www.dianping.com/saltlakeci
巴尔的摩,www.dianping.com/baltimore
波特兰,www.dianping.com/portland
大西洋城,www.dianping.com/atlanticci
萨克拉门托,www.dianping.com/sacramento
印第安纳波利斯,www.dianping.com/indianapol
杰克逊,www.dianping.com/jackson
罗利,www.dianping.com/raleigh
哥伦布,www.dianping.com/columbus
奥斯汀,www.dianping.com/austin
里士满,www.dianping.com/richmond
麦迪逊,www.dianping.com/madison
新奥尔良,www.dianping.com/neworleans
纽黑文,www.dianping.com/newhaven
圣巴巴拉,www.dianping.com/santabarba
水牛城,www.dianping.com/buffalo
卡梅尔,www.dianping.com/carmel
伯克利,www.dianping.com/
佛罗里达群岛,www.dianping.com/floridakey
达拉斯,www.dianping.com/dallas
凤凰城,www.dianping.com/phoenix
长岛,www.dianping.com/longisland
纳帕,www.dianping.com/nappa
西礁岛,www.dianping.com/keywest
太浩湖,www.dianping.com/laketahoe
棕榈泉,www.dianping.com/palmspring
明尼阿波利斯,www.dianping.com/minneapoli
克利夫兰,www.dianping.com/cleveland
安克雷奇,www.dianping.com/anchorage
坦帕,www.dianping.com/tampa
辛辛那提,www.dianping.com/cincinnati
夏洛特,www.dianping.com/charlotte
美属维尔京群岛,www.dianping.com/usvirginis
美属萨摩亚,www.dianping.com/americansa
普罗维登斯,www.dianping.com/providence
纳什维尔,www.dianping.com/nashville
蒙特雷,www.dianping.com/monterrey
索夫昂,www.dianping.com/solvang
圣克鲁斯,www.dianping.com/
檀香山,www.dianping.com/
劳德代尔堡,www.dianping.com/
哥伦比亚,www.dianping.com/
弗雷斯诺,www.dianping.com/
奥克兰,www.dianping.com/
,www.dianping.com/
雷诺,www.dianping.com/
费尔班克斯,www.dianping.com/
尚佩恩,www.dianping.com/
雪城,www.dianping.com/
科罗纳多,www.dianping.com/
圣保罗,www.dianping.com/
皮尔,www.dianping.com/
佛罗里达州,www.dianping.com/
乔治亚州,www.dianping.com/
大岛,www.dianping.com/
可爱岛,www.dianping.com/
茂宜岛,www.dianping.com/
爱达荷州,www.dianping.com/
伊利诺伊州,www.dianping.com/
印第安纳州,www.dianping.com/
爱荷华州,www.dianping.com/
阿拉斯加,www.dianping.com/
马里兰州,www.dianping.com/
马萨诸塞州,www.dianping.com/
密歇根州,www.dianping.com/
明尼苏达州,www.dianping.com/
密苏里州,www.dianping.com/
蒙大拿州,www.dianping.com/
内华达州,www.dianping.com/
亚利桑那州,www.dianping.com/
新泽西州,www.dianping.com/
纽约州,www.dianping.com/
北卡罗来纳州,www.dianping.com/
俄亥俄州,www.dianping.com/
俄勒冈州,www.dianping.com/
宾夕法尼亚州,www.dianping.com/
德克萨斯州,www.dianping.com/
犹他州,www.dianping.com/
弗吉尼亚州,www.dianping.com/
华盛顿州,www.dianping.com/
加利福尼亚州,www.dianping.com/
马林,www.dianping.com/
莫诺,www.dianping.com/
威斯康星州,www.dianping.com/
怀俄明州,www.dianping.com/
科罗拉多州,www.dianping.com/
康涅狄格州,www.dianping.com/
硅谷,www.dianping.com/
,www.dianping.com/gra
一号公路,www.dianping.com/cal
,www.dianping.com/gra
蒙特利尔,www.dianping.com/montreal
多伦多,www.dianping.com/toronto
,www.dianping.com/niagarafal
温哥华,www.dianping.com/vancouver
渥太华,www.dianping.com/ottawa
维多利亚,www.dianping.com/victoria
魁北克,www.dianping.com/quebec
安大略,www.dianping.com/ontario
不列颠哥伦比亚省,www.dianping.com/britishcol
班夫国家公园,www.dianping.com/banffpark
卡尔加里,www.dianping.com/calgary
金斯顿,www.dianping.com/kingston
埃德蒙顿,www.dianping.com/edmonton
惠斯勒,www.dianping.com/whistler
加拿大,www.dianping.com/canada
温尼伯,www.dianping.com/
萨斯卡通,www.dianping.com/
里贾纳,www.dianping.com/
艾伯塔,www.dianping.com/
,www.dianping.com/jas
墨西哥城,www.dianping.com/mexicocity
坎昆,www.dianping.com/cancun
墨西哥,www.dianping.com/mexico
尤卡坦半岛,www.dianping.com/yucatanpen
图卢姆,www.dianping.com/tulum
里约热内卢,www.dianping.com/riodejanei
圣保罗,www.dianping.com/saopaulo
巴西,www.dianping.com/brazil
伊瓜苏,www.dianping.com/fozdoiguac
,www.dianping.com/buenosaire
阿根廷,www.dianping.com/argentina
圣地亚哥,www.dianping.com/santiago
智利,www.dianping.com/chile
库斯科,www.dianping.com/cuzco
利马,www.dianping.com/lima
马丘比丘,www.dianping.com/machupicch
秘鲁,www.dianping.com/peru
哥斯达黎加,www.dianping.com/costarica
牙买加,www.dianping.com/jamaica
澳大利亚,www.dianping.com/australia
墨尔本,www.dianping.com/melbourne
悉尼,www.dianping.com/sydney
黄金海岸,www.dianping.com/goldcoast
布里斯班,www.dianping.com/brisbane
堪培拉,www.dianping.com/canberra
凯恩斯,www.dianping.com/cairns
塔斯马尼亚,www.dianping.com/tasmania
阿德莱德,www.dianping.com/adelaide
霍巴特,www.dianping.com/hobart
吉朗,www.dianping.com/geelong
卧龙岗,www.dianping.com/wollongong
阳光海岸,www.dianping.com/sunshineco
朗塞斯顿,www.dianping.com/launceston
拜伦湾,www.dianping.com/byronbay
珀斯,www.dianping.com/perth
维多利亚,www.dianping.com/vic
新南威尔士,www.dianping.com/
昆士兰,www.dianping.com/
大堡礁,www.dianping.com/gre
大洋路,www.dianping.com/gre
蓝山,www.dianping.com/
新西兰,www.dianping.com/newzealand
奥克兰,www.dianping.com/auckland
皇后镇,www.dianping.com/queenstown
惠灵顿,www.dianping.com/wellington
基督城,www.dianping.com/christchur
罗托鲁瓦,www.dianping.com/rotorua
新西兰南岛,www.dianping.com/newzealand
达尼丁,www.dianping.com/dunedin
凯库拉,www.dianping.com/kaikoura
格雷茅斯,www.dianping.com/greymouth
奥马鲁,www.dianping.com/oamaru
陶波湖,www.dianping.com/taupo
汉密尔顿,www.dianping.com/hamilton
霍基蒂卡,www.dianping.com/hokitika
蒂马鲁,www.dianping.com/timaru
尼尔森,www.dianping.com/nelson
因弗卡吉尔,www.dianping.com/invercargi
阿卡罗阿,www.dianping.com/akaroa
瓦纳卡,www.dianping.com/
斐济,www.dianping.com/fiji
楠迪,www.dianping.com/
阿布扎比,www.dianping.com/abudhabi
阿尔巴尼亚,www.dianping.com/albania
阿尔及利亚,www.dianping.com/algeria
阿富汗,www.dianping.com/afghanista
阿格拉,www.dianping.com/agra
阿联酋,www.dianping.com/arabemirat
阿鲁巴,www.dianping.com/aruba
阿鲁沙,www.dianping.com/arusha
阿曼,www.dianping.com/oman
阿姆利则,www.dianping.com/amritsar
阿塞拜疆,www.dianping.com/azerbaijan
埃及,www.dianping.com/egypt
埃塞俄比亚,www.dianping.com/ethiopia
爱沙尼亚,www.dianping.com/estonia
安道尔,www.dianping.com/andorra
安哥拉,www.dianping.com/angola
安圭拉,www.dianping.com/anguilla
安曼,www.dianping.com/amman
安提瓜和巴布达,www.dianping.com/antigandba
巴巴多斯,www.dianping.com/barbados
巴布亚新几内亚,www.dianping.com/papuanewgu
巴德岗,www.dianping.com/bhaktapur
巴哈马,www.dianping.com/bahamas
巴基斯坦,www.dianping.com/pakistan
巴拉德罗,www.dianping.com/varadero
巴勒斯坦,www.dianping.com/palestine
巴林,www.dianping.com/bahrain
巴拿马,www.dianping.com/panama
白俄罗斯,www.dianping.com/belarus
百慕大,www.dianping.com/bermuda
班加罗尔,www.dianping.com/bangalore
保加利亚,www.dianping.com/bulgarian
贝尔格莱德,www.dianping.com/belgrade
贝宁,www.dianping.com/benin
比勒陀利亚,www.dianping.com/pretoria
冰岛,www.dianping.com/iceland
波黑,www.dianping.com/bohei
波兰,www.dianping.com/poland
玻利维亚,www.dianping.com/bolivia
博茨瓦纳,www.dianping.com/botswana
博卡拉,www.dianping.com/pokhara
不丹,www.dianping.com/bhutan
布基纳法索,www.dianping.com/burkinafas
布加勒斯特,www.dianping.com/bucharest
布拉迪斯拉发,www.dianping.com/bratislava
布隆迪,www.dianping.com/burundi
朝鲜,www.dianping.com/northkorea
赤道几内亚,www.dianping.com/equatorial
达卡,www.dianping.com/
大溪地,www.dianping.com/tahiti
丹布勒,www.dianping.com/
丹吉尔,www.dianping.com/
德黑兰,www.dianping.com/tehran
德里,www.dianping.com/delhi
迪拜,www.dianping.com/dubai
地拉那,www.dianping.com/tirana
东帝汶,www.dianping.com/easttimor
杜布罗夫尼克,www.dianping.com/dubrovnik
多哥,www.dianping.com/togo
多哈,www.dianping.com/
多米尼加,www.dianping.com/dominican
多米尼克,www.dianping.com/dominica
厄瓜多尔,www.dianping.com/ecuador
厄立特里亚,www.dianping.com/eritrea
法罗群岛,www.dianping.com/faroeislan
法属波利尼西亚,www.dianping.com/frenchpoly
法属圭亚那,www.dianping.com/frenchguia
菲斯,www.dianping.com/fes
佛得角,www.dianping.com/capeverde
冈比亚,www.dianping.com/gambia
刚果共和国,www.dianping.com/rpblicthec
刚果民主共和国,www.dianping.com/
哥伦比亚,www.dianping.com/colombia
格林纳达,www.dianping.com/grenada
格鲁吉亚,www.dianping.com/georgia
古巴,www.dianping.com/cuba
瓜德罗普,www.dianping.com/guadeloupe
圭亚那,www.dianping.com/guyana
国外其他,www.dianping.com/guowaiqita
哈萨克斯坦,www.dianping.com/kazakhstan
哈瓦那,www.dianping.com/havana
海法,www.dianping.com/haifa
赫尔格达,www.dianping.com/hurghada
黑山,www.dianping.com/
华沙,www.dianping.com/warsaw
吉布提,www.dianping.com/djibouti
吉尔吉斯斯坦,www.dianping.com/kyrgyzstan
几内亚,www.dianping.com/guinea
加德满都,www.dianping.com/kathmandu
加尔各答,www.dianping.com/calcutta
加勒,www.dianping.com/
加纳,www.dianping.com/ghana
加蓬,www.dianping.com/gabon
贾沙梅尔,www.dianping.com/jaisalmer
焦特布尔,www.dianping.com/jodhpur
杰拉什,www.dianping.com/jerash
金奈,www.dianping.com/chennai
津巴布韦,www.dianping.com/zimbabwe
喀麦隆,www.dianping.com/cameroon
卡萨布兰卡,www.dianping.com/casablanca
卡尚,www.dianping.com/kashan
卡塔尔,www.dianping.com/qatar
开罗,www.dianping.com/cairo
开曼群岛,www.dianping.com/caymanisla
开普敦,www.dianping.com/capetown
康提,www.dianping.com/
科伦坡,www.dianping.com/
科摩罗,www.dianping.com/comoros
科特迪瓦,www.dianping.com/cotedivoir
科威特,www.dianping.com/kuwait
克拉科夫,www.dianping.com/krakow
克罗地亚,www.dianping.com/croatia
肯尼亚,www.dianping.com/kenya
库克群岛,www.dianping.com/cookisland
拉巴特,www.dianping.com/
拉贾斯坦邦,www.dianping.com/rajasthan
拉脱维亚,www.dianping.com/latvia
莱索托,www.dianping.com/lesotho
蓝毗尼,www.dianping.com/lumbini
雷克雅未克,www.dianping.com/reykjavik
黎巴嫩,www.dianping.com/lebanon
里加,www.dianping.com/riga
立陶宛,www.dianping.com/lithuania
利比里亚,www.dianping.com/liberia
利比亚,www.dianping.com/libya
列支敦士登,www.dianping.com/liechtenst
留尼汪,www.dianping.com/reunion
卢布尔雅那,www.dianping.com/ljubljana
卢克索,www.dianping.com/luxor
卢森堡,www.dianping.com/luxembourg
卢森堡市,www.dianping.com/luxembourg
卢旺达,www.dianping.com/rwanda
罗马尼亚,www.dianping.com/romania
马达加斯加,www.dianping.com/madagascar
马尔代夫,www.dianping.com/maldives
马耳他,www.dianping.com/malta
马拉喀什,www.dianping.com/marrakech
马拉维,www.dianping.com/malawi
马累,www.dianping.com/
马里,www.dianping.com/mali
马其顿,www.dianping.com/macedonia
马赛马拉国家保护区,www.dianping.com/masaimara
马提尼克,www.dianping.com/martinique
毛里求斯,www.dianping.com/mauritius
毛里塔尼亚,www.dianping.com/mauritania
美蕊沙,www.dianping.com/
蒙古,www.dianping.com/mongolia
蒙特塞拉特,www.dianping.com/montserrat
孟加拉国,www.dianping.com/bangladesh
孟买,www.dianping.com/mumbai
密克罗尼西亚,www.dianping.com/micronesia
明斯克,www.dianping.com/minsk
摩尔多瓦,www.dianping.com/moldova
摩洛哥,www.dianping.com/morocco
莫桑比克,www.dianping.com/mozambique
拿骚,www.dianping.com/nassau
内罗毕,www.dianping.com/nairobi
纳库鲁,www.dianping.com/nakuru
纳米比亚,www.dianping.com/namibia
南非,www.dianping.com/southafric
尼泊尔,www.dianping.com/nepal
尼甘布,www.dianping.com/
尼日尔,www.dianping.com/niger
尼日利亚,www.dianping.com/
纽埃,www.dianping.com/niue
帕坦,www.dianping.com/patan
佩特拉,www.dianping.com/petra
平壤,www.dianping.com/pyongyang
萨尔瓦多,www.dianping.com/elsalvador
萨格勒布,www.dianping.com/zagreb
萨摩亚,www.dianping.com/samoa
塞尔维亚,www.dianping.com/serbia
塞拉利昂,www.dianping.com/sierraleon
塞内加尔,www.dianping.com/senegal
塞浦路斯,www.dianping.com/cyprus
塞舌尔,www.dianping.com/seychelles
沙迦,www.dianping.com/sharjah
沙姆沙伊赫,www.dianping.com/sharmel
沙特阿拉伯,www.dianping.com/saudiarabi
设拉子,www.dianping.com/shiraz
圣多美和普林西比,www.dianping.com/standp
圣赫勒拿,www.dianping.com/sainthelen
圣马力诺,www.dianping.com/sanmarino
斯科普里,www.dianping.com/skopje
斯里兰卡,www.dianping.com/srilanka
斯洛伐克,www.dianping.com/slovakia
斯洛文尼亚,www.dianping.com/slovenia
斯普利特,www.dianping.com/split
死海,www.dianping.com/deadsea
苏丹,www.dianping.com/sudan
苏里南,www.dianping.com/surinam
索非亚,www.dianping.com/sofia
塔吉克斯坦,www.dianping.com/tajikistan
塔林,www.dianping.com/tallinn
太阳城,www.dianping.com/suncity
坦桑尼亚,www.dianping.com/tanzania
汤加,www.dianping.com/tonga
特克斯和凯科斯群岛,www.dianping.com/tksandcci
特拉维夫,www.dianping.com/telaviv
特立尼达和多巴哥,www.dianping.com/trdandtob
突尼斯,www.dianping.com/tunisia
土库曼斯坦,www.dianping.com/turkmenist
瓦杜兹,www.dianping.com/vaduz
瓦拉纳西,www.dianping.com/varanasi
瓦莱塔,www.dianping.com/valletta
瓦努阿图,www.dianping.com/vanuatu
维尔纽斯,www.dianping.com/vilnius
维克,www.dianping.com/vic
委内瑞拉,www.dianping.com/venezuela
文莱,www.dianping.com/brunei
乌代布尔,www.dianping.com/udaipur
乌干达,www.dianping.com/uganda
乌克兰,www.dianping.com/ukraine
乌拉圭,www.dianping.com/uruguay
乌兹别克斯坦,www.dianping.com/uzbekistan
新德里,www.dianping.com/newdelhi
新喀里多尼亚,www.dianping.com/newcaledon
叙利亚,www.dianping.com/syria
阿斯旺,www.dianping.com/aswan
亚的斯亚贝巴,www.dianping.com/addisababa
亚喀巴,www.dianping.com/aqaba
亚历山大,www.dianping.com/alexandria
亚美尼亚,www.dianping.com/armenia
亚兹德,www.dianping.com/yazd
耶路撒冷,www.dianping.com/jerusalem
伊拉克,www.dianping.com/iraq
伊朗,www.dianping.com/iran
伊斯法罕,www.dianping.com/sfahan
以色列,www.dianping.com/israel
印度,www.dianping.com/india
英属维尔京群岛,www.dianping.com/britishvir
约旦,www.dianping.com/jordan
约翰内斯堡,www.dianping.com/johannesbu
赞比亚,www.dianping.com/zambia
乍得,www.dianping.com/chad
斋浦尔,www.dianping.com/jaipur
中非,www.dianping.com/centralafr